metric,events,total,rate,ci95_low,ci95_high
FAR,10,48,0.208333,0.104691,0.349910
FRR,1,12,0.083333,0.002108,0.384796
